BookId,Title,Author,Author l-f,Additional Authors,ISBN,ISBN13,My Rating,Average Rating,Publisher,Binding,Number of Pages,Year Published,Original Publication Year,Date Read,Date Added,Bookshelves,Bookshelves with positions,Exclusive Shelf,My Review,Spoiler,Private Notes,Read Count,Recommended For,Recommended By,Owned Copies,Original Purchase Date,Original Purchase Location,Condition,Condition Description,BCID
1495927,Daughter of Regals and Other Tales,Stephen R. Donaldson,"Donaldson, Stephen R.",,"=""0006169856""","=""9780006169857""",0,3.76,,,,,1984,,2016/07/04,"to-read, ghoomakad","to-read (#157), ghoomakad (#156)",to-read,,,,,,,0,,,,,
2166491,Macintosh System 7.5 for Dummies,Bob LeVitus,"LeVitus, Bob",,"=""1568841973""","=""9781568841977""",0,3.33,For Dummies,Paperback,408,1994,1994,,2016/07/04,"to-read, ghoomakad","to-read (#158), ghoomakad (#157)",to-read,,,,,,,0,,,,,
1745409,Asgard,Nigel Frith,"Frith, Nigel",,"=""0048232092""","=""9780048232090""",0,3.00,,,,,1977,,2016/07/04,"to-read, ghoomakad","to-read (#156), ghoomakad (#155)",to-read,,,,,,,0,,,,,
4953,A Heartbreaking Work of Staggering Genius,Dave Eggers,"Eggers, Dave",,"=""0375725784""","=""9780375725784""",0,3.67,Vintage,Paperback,496,2001,2000,,2016/07/04,"to-read, ghoomakad","to-read (#155), ghoomakad (#154)",to-read,,,,,,,0,,,,,
1062188,Everything you have is mine,Sandra Scoppettone,"Scoppettone, Sandra",,"=""1853814792""","=""9781853814792""",0,3.76,Virago,,272,1992,1991,,2016/07/04,"to-read, ghoomakad","to-read (#154), ghoomakad (#153)",to-read,,,,,,,0,,,,,
437049,The Hobbit or There and Back Again,J.R.R. Tolkien,"Tolkien, J.R.R.",,"=""0618002219""","=""9780618002214""",0,4.23,Houghton Mifflin,Paperback,275,1999,1937,,2016/07/04,"to-read, ghoomakad","to-read (#153), ghoomakad (#152)",to-read,,,,,,,0,,,,,
49891,"The Return of the King (The Lord of the Rings, #3)",J.R.R. Tolkien,"Tolkien, J.R.R.",,"=""0618002243""","=""9780618002245""",0,4.49,Houghton Mifflin Harcourt,Paperback,410,1999,1955,,2016/07/04,"to-read, ghoomakad","to-read (#152), ghoomakad (#151)",to-read,,,,,,,0,,,,,
16694,"The Two Towers (The Lord of the Rings, #2)",J.R.R. Tolkien,"Tolkien, J.R.R.",,"=""0618002235""","=""9780618002238""",0,4.40,Houghton Mifflin Harcourt,Paperback,328,1999,1954,,2016/07/04,"to-read, ghoomakad","to-read (#151), ghoomakad (#150)",to-read,,,,,,,0,,,,,
561603,A Village Divided,Rahi Masoom Raza,"Raza, Rahi Masoom",Gillian Wright,"=""0143029835""","=""9780143029830""",0,4.17,Penguin India,,352,2003,1966,,2016/07/04,"to-read, ghoomakad","to-read (#150), ghoomakad (#149)",to-read,,,,,,,0,,,,,
3737277,Fever,Sean Rowe,"Rowe, Sean",,"=""0316013366""","=""9780316013369""",0,2.66,Little Brown and Company,Paperback,226,2006,2005,,2016/07/04,"to-read, ghoomakad","to-read (#149), ghoomakad (#148)",to-read,,,,,,,0,,,,,
23276790,Randitangazhi,Thakazhi Sivasankara Pillai,"Pillai, Thakazhi Sivasankara",,"=""""","=""9788171306732""",0,3.98,DC Books,Paperback,116,2013,1948,,2016/07/04,"to-read, ghoomakad","to-read (#148), ghoomakad (#147)",to-read,,,,,,,0,,,,,
1815345,You've Been Warned,James Patterson,"Patterson, James",,"=""0755330455""","=""9780755330454""",0,3.52,Headline,Paperback,448,2008,2000,,2016/07/04,"to-read, ghoomakad","to-read (#147), ghoomakad (#146)",to-read,,,,,,,0,,,,,
141945,The Best American Short Stories 1993,Louise Erdrich,"Erdrich, Louise",Katrina Kenison,"=""0395636272""","=""9780395636275""",0,3.97,Houghton Mifflin,Paperback,395,1993,1993,,2016/07/04,"to-read, ghoomakad","to-read (#146), ghoomakad (#145)",to-read,,,,,,,0,,,,,
12675404,The Secret Of The Nagas (Shiva Trilogy 2),Amish Tripathi,"Tripathi, Amish",,"=""9380658796""","=""9789380658797""",0,3.95,Westland Books Ltd,Paperback,414,2011,2011,,2016/07/04,"to-read, ghoomakad","to-read (#145), ghoomakad (#144)",to-read,,,,,,,0,,,,,
6494283,A Most Wanted Man,John le Carré,"Carré, John le",,"=""0340977094""","=""9780340977095""",0,3.46,Hodder & Stoughton,Hardcover,418,2008,2008,,2016/07/04,"to-read, ghoomakad","to-read (#144), ghoomakad (#143)",to-read,,,,,,,0,,,,,
955266,The Second Ring of Power,Carlos Castaneda,"Castaneda, Carlos",,"=""0140192352""","=""9780140192353""",0,4.00,Arkana,,288,1990,1977,,2016/07/04,"to-read, ghoomakad","to-read (#143), ghoomakad (#142)",to-read,,,,,,,0,,,,,
185129,More Lives Than One,L. Purves,"Purves, L.",,"=""0340680431""","=""9780340680438""",0,3.38,Hodder & Stoughton,Paperback,248,1999,1999,,2016/07/04,"to-read, ghoomakad","to-read (#142), ghoomakad (#141)",to-read,,,,,,,0,,,,,
996272,Puzzle Adventures II: three adventure stories with puzzles to solve (The second Usborne book of Puzzle Adventures): No. 2,Karen Dolby,"Dolby, Karen","Susannah Leigh, Marjorie Everitt, Martin Oliver","=""0746003102""","=""9780746003107""",0,4.89,Usborne Publishing Ltd,Paperback,,1990,1990,,2016/07/04,"to-read, ghoomakad","to-read (#141), ghoomakad (#140)",to-read,,,,,,,0,,,,,
823968,Written On The Body,Jeanette Winterson,"Winterson, Jeanette",,"=""0394280148""","=""9780394280141""",0,4.08,Vintage Canada,Paperback,192,1993,1992,,2016/07/04,"to-read, ghoomakad","to-read (#140), ghoomakad (#139)",to-read,,,,,,,0,,,,,
21843012,Wolves and Other Nightmares,Alicen Grey,"Grey, Alicen",,"=""0615953476""","=""9780615953472""",0,4.00,Hologram Press,Paperback,84,2014,2014,,2016/07/04,"to-read, ghoomakad","to-read (#139), ghoomakad (#138)",to-read,,,,,,,0,,,,,
165859,Lizzie Siddal: Face of the Pre-Raphaelites,Lucinda Hawksley,"Hawksley, Lucinda",,"=""0802715508""","=""9780802715500""",0,4.04,Walker Books,Hardcover,230,2006,2004,,2016/07/04,"to-read, ghoomakad","to-read (#138), ghoomakad (#137)",to-read,,,,,,,0,,,,,
5093125,The Blue Peter Green Book,Lewis Bronze,"Bronze, Lewis","Nick Heathcote, Peter Brown","=""0563208864""","=""9780563208860""",0,0.0,BBC Books,Unknown Binding,64,1992,1990,,2016/07/04,"to-read, ghoomakad","to-read (#136), ghoomakad (#135)",to-read,,,,,,,0,,,,,
6307887,Watchmen,Alan Moore,"Moore, Alan",Dave Gibbons,"=""1401222668""","=""9781401222666""",0,4.34,,Paperback,436,2009,1987,,2016/07/04,"to-read, ghoomakad","to-read (#137), ghoomakad (#136)",to-read,,,,,,,0,,,,,
2547792,The Life and Times of The Thunderbolt Kid,Bill Bryson,"Bryson, Bill",,"=""0552155462""","=""9780552155465""",0,3.92,Black Swan,Paperback,384,2007,2006,,2016/07/04,"to-read, ghoomakad","to-read (#135), ghoomakad (#134)",to-read,,,,,,,0,,,,,
11882305,Before I Go to Sleep,S.J. Watson,"Watson, S.J.",,"=""0552164135""","=""9780552164139""",0,3.86,Black Swan,Paperback,372,2012,2011,,2016/07/04,"to-read, ghoomakad","to-read (#134), ghoomakad (#133)",to-read,,,,,,,0,,,,,
323328,Death in Venice and Seven Other Stories,Thomas Mann,"Mann, Thomas",H.T. Lowe-Porter,"=""0679722068""","=""9780679722069""",0,3.85,Vintage,Paperback,402,1989,1911,,2016/07/04,"to-read, ghoomakad","to-read (#132), ghoomakad (#131)",to-read,,,,,,,0,,,,,
18856418,Het lot van de kikker,Toon Tellegen,"Tellegen, Toon",,"=""9021450348""","=""9789021450346""",0,3.47,Querido,Paperback,176,2013,2013,,2016/07/04,"to-read, ghoomakad","to-read (#133), ghoomakad (#132)",to-read,,,,,,,0,,,,,
523325,Granta 41: Biography,Granta: The Magazine of New Writing,"Writing, Granta: The Magazine of New",Bill Buford,"=""0140140557""","=""9780140140552""",0,4.00,Penguin USA (P),Paperback,256,1993,1993,,2016/07/04,"to-read, ghoomakad","to-read (#131), ghoomakad (#130)",to-read,,,,,,,0,,,,,
82211,The Last Spymaster,Gayle Lynds,"Lynds, Gayle",,"=""031298877X""","=""9780312988777""",0,3.81,St. Martin's Paperbacks,Paperback,448,2007,2006,,2016/07/04,"to-read, ghoomakad","to-read (#130), ghoomakad (#129)",to-read,,,,,,,0,,,,,
2193608,India: A Million Mutinies Now,V.S. Naipaul,"Naipaul, V.S.",,"=""0670837024""","=""9780670837021""",0,3.89,Viking Books,Hardcover,521,1991,1990,,2016/07/04,"to-read, ghoomakad","to-read (#128), ghoomakad (#127)",to-read,,,,,,,0,,,,,
17899164,"Tik-Tik, The Master of Time",Musharraf Ali Farooqi,"Farooqi, Musharraf Ali",Michelle Farooqi,"=""8129121093""","=""9788129121097""",0,3.00,Red Turtle,Hardcover,152,,,,2016/07/04,"to-read, ghoomakad","to-read (#129), ghoomakad (#128)",to-read,,,,,,,0,,,,,
3114605,Interpreter of Maladies,Jhumpa Lahiri,"Lahiri, Jhumpa",,"=""817223502X""","=""9788172235024""",0,4.11,HarperCollins,Paperback,198,2010,1999,,2016/07/04,"to-read, ghoomakad","to-read (#127), ghoomakad (#126)",to-read,,,,,,,0,,,,,
1362991,Swara Yoga: The Tantric Science of Brain Breathing,Swami Muktibodhananda,"Muktibodhananda, Swami",,"=""8185787360""","=""9788185787367""",0,4.33,Bihar School of Yoga,Paperback,210,2007,1999,,2016/07/04,"to-read, ghoomakad","to-read (#126), ghoomakad (#125)",to-read,,,,,,,0,,,,,
1336758,Teams That Click,Harvard Business School Press,"Press, Harvard Business School",,"=""1591393507""","=""9781591393504""",0,3.00,Harvard Business Press,Paperback,160,2004,2004,,2016/07/04,"to-read, ghoomakad","to-read (#125), ghoomakad (#124)",to-read,,,,,,,0,,,,,
12532019,Aleph,Paulo Coelho,"Coelho, Paulo",,"=""""","=""9780007456093""",0,3.38,Harper Collins Publishers,Paperback,300,,2010,,2016/07/04,"to-read, ghoomakad","to-read (#124), ghoomakad (#123)",to-read,,,,,,,0,,,,,
398175,Candy Is Dandy: The Best of Ogden Nash,Ogden Nash,"Nash, Ogden",Anthony Burgess,"=""0233988920""","=""9780233988924""",0,4.38,André Deutsch,Paperback,412,1998,1983,,2016/07/04,"to-read, ghoomakad","to-read (#122), ghoomakad (#121)",to-read,,,,,,,0,,,,,
45974,The Book of Disquiet,Fernando Pessoa,"Pessoa, Fernando",Richard Zenith,"=""0141183047""","=""9780141183046""",0,4.51,Penguin Classics,Paperback,544,2002,1982,,2016/07/04,"to-read, ghoomakad","to-read (#123), ghoomakad (#122)",to-read,,,,,,,0,,,,,
5219,The Bluest Eye,Toni Morrison,"Morrison, Toni",,"=""0452282195""","=""9780452282193""",0,3.98,Plume,Paperback,216,2000,1970,,2016/07/04,"to-read, ghoomakad","to-read (#121), ghoomakad (#120)",to-read,,,,,,,0,,,,,
54811,Still Wild: Short Fiction of the American West 1950 to the Present,Larry McMurtry,"McMurtry, Larry",,"=""0684868830""","=""9780684868837""",0,3.69,Simon & Schuster,Paperback,416,2001,2000,,2016/07/04,"to-read, ghoomakad","to-read (#120), ghoomakad (#119)",to-read,,,,,,,0,,,,,
1229193,Mr. Midshipman Easy (Puffin Classics),Frederick Marryat,"Marryat, Frederick",,"=""0140351183""","=""9780140351187""",0,3.77,Puffin Books,Paperback,,1991,1836,,2016/07/04,"to-read, ghoomakad","to-read (#119), ghoomakad (#118)",to-read,,,,,,,0,,,,,
844235,The Bonfire of the Vanities ,Tom Wolfe,"Wolfe, Tom",,"=""033030660X""","=""9780330306607""",0,3.80,Picador Books,Paperback,731,1988,1987,,2016/07/04,"to-read, ghoomakad","to-read (#118), ghoomakad (#117)",to-read,,,,,,,0,,,,,
23122398,DOGS! An Anthology,Vidyun Sabhaney,"Sabhaney, Vidyun",Jeremy Stoll,"=""""","=""9789384439057""",0,3.80,AuthorsUpFront,Hardcover,,2014,2014,,2016/07/04,"to-read, ghoomakad","to-read (#117), ghoomakad (#116)",to-read,,,,,,,0,,,,,
21086955,"Pieter Plunker, Flying Taylor",P. Dennis,"Dennis, P.",,"=""035607904X""","=""9780356079042""",0,0.0,Macdonald,Hardcover,48,1983,1983,,2016/07/04,"to-read, ghoomakad","to-read (#116), ghoomakad (#115)",to-read,,,,,,,0,,,,,
1384936,Leave It To Me,Bharati Mukherjee,"Mukherjee, Bharati",,"=""0701161833""","=""9780701161835""",0,2.71,,,,,1997,,2016/07/04,"to-read, ghoomakad","to-read (#115), ghoomakad (#114)",to-read,,,,,,,0,,,,,
634598,Invasion,Robin Cook,"Cook, Robin",,"=""0330352881""","=""9780330352888""",0,3.59,Not Avail,Paperback,393,1997,1997,,2016/07/04,"to-read, ghoomakad","to-read (#114), ghoomakad (#113)",to-read,,,,,,,0,,,,,
12764590,The Great Gatsby,F. Scott Fitzgerald,"Fitzgerald, F. Scott",,"=""1908533048""","=""9781908533043""",0,3.87,"Atlantic Publishing, Croxley Green",Paperback,169,2012,1925,,2016/07/04,"to-read, ghoomakad","to-read (#113), ghoomakad (#112)",to-read,,,,,,,0,,,,,
1964553,The Tailor Of Panama,John le Carré,"Carré, John le",,"=""0340684798""","=""9780340684795""",0,3.42,Hodder&Stoughton,Mass Market Paperback,460,1996,1991,,2016/07/04,"to-read, ghoomakad","to-read (#112), ghoomakad (#111)",to-read,,,,,,,0,,,,,
864428,Conversations with God Book 3: An Uncommon Dialogue,Neale Donald Walsch,"Walsch, Neale Donald",,"=""0340765453""","=""9780340765456""",0,4.17,Hodder & Stoughton,Paperback,,1999,1996,,2016/07/04,"to-read, ghoomakad","to-read (#111), ghoomakad (#110)",to-read,,,,,,,0,,,,,
2416962,The Book of Man,Osho,"Osho, Osho",,"=""0143032313""","=""9780143032311""",0,4.04,Penguin Books,Hardcover,277,2004,1999,,2016/07/04,"to-read, ghoomakad","to-read (#110), ghoomakad (#109)",to-read,,,,,,,0,,,,,
299813,G.,John Berger,"Berger, John",,"=""0679736549""","=""9780679736547""",0,3.49,Vintage,Paperback,336,1992,1972,,2016/07/04,"to-read, ghoomakad","to-read (#109), ghoomakad (#108)",to-read,,,,,,,0,,,,,
2794,The Crying of Lot 49,Thomas Pynchon,"Pynchon, Thomas",,"=""006091307X""","=""9780060913076""",0,3.71,Harper Perennial,Paperback,155,2006,1966,,2016/07/04,"to-read, ghoomakad","to-read (#108), ghoomakad (#107)",to-read,,,,,,,0,,,,,
214721,The Electric Kool Aid Acid Test,Tom Wolfe,"Wolfe, Tom",,"=""0552993662""","=""9780552993661""",0,3.91,Black Swan,Paperback,368,1989,1968,,2016/07/04,"to-read, ghoomakad","to-read (#107), ghoomakad (#106)",to-read,,,,,,,0,,,,,
1817980,An Insular Possession,Timothy Mo,"Mo, Timothy",,"=""0330298100""","=""9780330298100""",0,3.68,Picador,Paperback,672,1987,1986,,2016/07/04,"to-read, ghoomakad","to-read (#106), ghoomakad (#105)",to-read,,,,,,,0,,,,,
968239,The French Lieutenant's Woman,John Fowles,"Fowles, John",,"=""0099497077""","=""9780099497073""",0,3.84,Vintage Classics,Paperback,464,2005,1969,,2016/07/04,"to-read, ghoomakad","to-read (#105), ghoomakad (#104)",to-read,,,,,,,0,,,,,
52939,Another Way of Telling,John Berger,"Berger, John",Jean Mohr,"=""0679737243""","=""9780679737247""",0,4.14,Vintage,Paperback,304,1995,1982,,2016/07/04,"to-read, ghoomakad","to-read (#104), ghoomakad (#103)",to-read,,,,,,,0,,,,,
134924,"Respected Sir, Wedding Song, The Search",Naguib Mahfouz,"Mahfouz, Naguib",,"=""0385498365""","=""9780385498364""",0,4.19,Anchor,Paperback,464,2001,2001,,2016/07/04,"to-read, ghoomakad","to-read (#103), ghoomakad (#102)",to-read,,,,,,,0,,,,,
1074383,84 Charing Cross Road,Helene Hanff,"Hanff, Helene",,"=""0751503843""","=""9780751503845""",0,4.18,Sphere,Mass Market Paperback,230,2007,1970,,2016/07/04,"to-read, ghoomakad","to-read (#102), ghoomakad (#101)",to-read,,,,,,,0,,,,,
1379831,Life Before Man,Margaret Atwood,"Atwood, Margaret",,"=""0860681920""","=""9780860681922""",0,3.41,,,,,1979,,2016/07/04,"to-read, ghoomakad","to-read (#101), ghoomakad (#100)",to-read,,,,,,,0,,,,,
10658,The New New Thing: A Silicon Valley Story,Michael Lewis,"Lewis, Michael",,"=""0140296468""","=""9780140296464""",0,3.68,Penguin Books,Paperback,289,2001,1999,,2016/07/04,"to-read, ghoomakad","to-read (#100), ghoomakad (#99)",to-read,,,,,,,0,,,,,
6677976,Shalimar the Clown ,Salman Rushdie,"Rushdie, Salman",,"=""009949809X""","=""9780099498094""",0,3.85,Random House,Paperback,649,2007,2005,,2016/07/04,"to-read, ghoomakad","to-read (#99), ghoomakad (#98)",to-read,,,,,,,0,,,,,
3098607,Armadale,Wilkie Collins,"Collins, Wilkie",Catharine Peters,"=""0192818023""","=""9780192818027""",0,3.86,"Oxford University Press, USA",Paperback,829,1990,1866,,2016/07/04,"to-read, ghoomakad","to-read (#98), ghoomakad (#97)",to-read,,,,,,,0,,,,,
23392349,Gone Girl,Gillian Flynn,"Flynn, Gillian",,"=""178022866X""","=""9781780228662""",0,4.00,Phoenix Fiction,Mass Market Paperback,480,2014,2012,,2016/07/04,"to-read, ghoomakad","to-read (#97), ghoomakad (#96)",to-read,,,,,,,0,,,,,
579756,One Flew Over the Cuckoo's Nest,Ken Kesey,"Kesey, Ken",,"=""0141024879""","=""9780141024875""",0,4.18,Penguin Classics,Mass Market Paperback,393,2006,1962,,2016/07/04,"to-read, ghoomakad","to-read (#96), ghoomakad (#95)",to-read,,,,,,,0,,,,,
7187728,"Unseen Academicals (Discworld, #37)",Terry Pratchett,"Pratchett, Terry",,"=""0552153370""","=""9780552153379""",0,3.96,Corgi,Paperback,540,2010,2007,,2016/07/04,"to-read, ghoomakad","to-read (#95), ghoomakad (#94)",to-read,,,,,,,0,,,,,
896929,Disgrace ,J.M. Coetzee,"Coetzee, J.M.",,"=""0099284820""","=""9780099284826""",0,3.83,Vintage,Paperback,220,2000,1999,,2016/07/04,"to-read, ghoomakad","to-read (#94), ghoomakad (#93)",to-read,,,,,,,0,,,,,
1141419,In Another Light,Andrew Greig,"Greig, Andrew",,"=""0753820072""","=""9780753820070""",0,3.93,Phoenix,Paperback,,2006,2004,,2016/07/04,"to-read, ghoomakad","to-read (#93), ghoomakad (#92)",to-read,,,,,,,0,,,,,
10863963,The White Tiger,Aravind Adiga,"Adiga, Aravind",,"=""8172238479""","=""9788172238476""",0,3.70,,Paperback,328,,2008,,2016/07/04,"to-read, ghoomakad","to-read (#92), ghoomakad (#91)",to-read,,,,,,,0,,,,,
80519,Four Great Plays: A Doll's House/The Wild Duck/Hedda Gabler/The Master Builder,Henrik Ibsen,"Ibsen, Henrik",Alyssa Harad,"=""1416500383""","=""9781416500384""",0,4.02,Simon & Schuster,paper,448,2005,1940,,2016/07/04,"to-read, ghoomakad","to-read (#91), ghoomakad (#90)",to-read,,,,,,,0,,,,,
1441916,The Growing Pains of Adrian Mole  ,Sue Townsend,"Townsend, Sue",Caroline Holden,"=""0413588106""","=""9780413588104""",0,3.93,Methuen Books,Paperback,203,1984,1984,,2016/07/04,"to-read, ghoomakad","to-read (#90), ghoomakad (#89)",to-read,,,,,,,0,,,,,
873640,News from No Man's Land: Reporting the World,John Cody Fidler-Simpson,"Fidler-Simpson, John Cody",,"=""0330487353""","=""9780330487351""",0,3.74,Pan Publishing,Paperback,471,2006,2002,,2016/07/04,"to-read, ghoomakad","to-read (#89), ghoomakad (#88)",to-read,,,,,,,0,,,,,
9963871,Mao Zedong,Jon Halliday Jung Chang,"Chang, Jon Halliday Jung",Jon Halliday,"=""009928247X""","=""9780099282471""",0,3.78,Arrow Books Ltd,Paperback,,2002,2002,,2016/07/04,"to-read, ghoomakad","to-read (#88), ghoomakad (#87)",to-read,,,,,,,0,,,,,
833422,"Equal Rites (Discworld, #3)",Terry Pratchett,"Pratchett, Terry",,"=""0552131059""","=""9780552131056""",0,3.97,Corgi,Mass Market Paperback,283,1989,1987,,2016/07/04,"to-read, ghoomakad","to-read (#87), ghoomakad (#86)",to-read,,,,,,,0,,,,,
17201943,Stål,Silvia Avallone,"Avallone, Silvia",Johanna Hedenberg,"=""""","=""9789127135017""",0,3.37,Natur & Kultur,Paperback,395,2012,2010,,2016/07/04,"to-read, ghoomakad","to-read (#86), ghoomakad (#85)",to-read,,,,,,,0,,,,,
53925,The War of the End of the World,Mario Vargas Llosa,"Llosa, Mario Vargas",,"=""0571139612""","=""9780571139613""",0,4.20,Faber Faber Inc,Paperback,568,1986,1981,,2016/07/04,"to-read, ghoomakad","to-read (#85), ghoomakad (#84)",to-read,,,,,,,0,,,,,
3025216,Je Suis La Vie Même: Le Paradoxe Absolu Du Rien En Tant Que Tout,Unmani-Liza Hyde,"Hyde, Unmani-Liza",,"=""2910677702""","=""9782910677701""",0,0.0,l'Originel-C. Antoni,,141,2007,2007,,2016/07/04,"to-read, ghoomakad","to-read (#84), ghoomakad (#83)",to-read,,,,,,,0,,,,,
264365,The Plays of Oscar Wilde,Oscar Wilde,"Wilde, Oscar",,"=""1840224185""","=""9781840224184""",0,4.37,Wordsworth Classics,Paperback,444,2000,1908,,2016/07/04,"to-read, ghoomakad","to-read (#83), ghoomakad (#82)",to-read,,,,,,,0,,,,,
17184433,These Errors Are Correct,Jeet Thayil,"Thayil, Jeet",,"=""8189975420""","=""9788189975425""",0,3.68,Westland,Paperback,124,2008,2008,,2016/07/04,"to-read, ghoomakad","to-read (#82), ghoomakad (#81)",to-read,,,,,,,0,,,,,
536578,Cuba and the Night,Pico Iyer,"Iyer, Pico",,"=""067976075X""","=""9780679760757""",0,3.40,Vintage,Paperback,256,1996,1995,,2016/07/04,"to-read, ghoomakad","to-read (#81), ghoomakad (#80)",to-read,,,,,,,0,,,,,
1991665,Guide to the Night Sky,Philippe Henarejos,"Henarejos, Philippe",,"=""3829040628""","=""9783829040624""",0,4.09,Konemann,Paperback,255,2000,2000,,2016/07/04,"to-read, ghoomakad","to-read (#80), ghoomakad (#79)",to-read,,,,,,,0,,,,,
2610678,Man-Eater: Tales of Lion and Tiger Encounters,Edward Hodges-Hill,"Hodges-Hill, Edward",,"=""1873054033""","=""9781873054031""",0,4.00,Not Avail,Paperback,352,1992,1992,,2016/07/04,"to-read, ghoomakad","to-read (#78), ghoomakad (#77)",to-read,,,,,,,0,,,,,
1177503,Eleven Minutes,Paulo Coelho,"Coelho, Paulo",,"=""8172235631""","=""9788172235635""",0,3.69,Harper Collins Publishers,Paperback,304,2006,2003,,2016/07/04,"to-read, ghoomakad","to-read (#79), ghoomakad (#78)",to-read,,,,,,,0,,,,,
1830057,The Elephant Paradigm: India Wrestles With Change,Gurcharan Das,"Das, Gurcharan",,"=""014302910X""","=""9780143029106""",0,3.43,Penguin India,,301,2007,2002,,2016/07/04,"to-read, ghoomakad","to-read (#77), ghoomakad (#76)",to-read,,,,,,,0,,,,,
578631,River Out of Eden,Richard Dawkins,"Dawkins, Richard",,"=""1857994051""","=""9781857994056""",0,3.94,Orion Books,Paperback,196,2004,1994,,2016/07/04,"to-read, ghoomakad","to-read (#76), ghoomakad (#75)",to-read,,,,,,,0,,,,,
12481752,The Ambassador,Morris L. West,"West, Morris L.",,"=""074931771X""","=""9780749317713""",0,3.59,Random House Adult Trade Publishing Group,Mass Market Paperback,280,1998,1965,,2016/07/04,"to-read, ghoomakad","to-read (#75), ghoomakad (#74)",to-read,,,,,,,0,,,,,
1194824,Miss Garnet's Angel,Salley Vickers,"Vickers, Salley",,"=""0006514219""","=""9780006514213""",0,3.70,HarperCollins,Paperback,335,2000,2000,,2016/07/04,"to-read, ghoomakad","to-read (#74), ghoomakad (#73)",to-read,,,,,,,0,,,,,
29386,Nathaniel's Nutmeg: How One Man's Courage Changed the Course of History,Giles Milton,"Milton, Giles",,"=""0340696761""","=""9780340696767""",0,3.78,Sceptre,Paperback,388,2005,1999,,2016/07/04,"to-read, ghoomakad","to-read (#73), ghoomakad (#72)",to-read,,,,,,,0,,,,,
10046322,Thomas Jefferson,Natalie S. Bober,"Bober, Natalie S.",,"=""0020417977""","=""9780020417972""",0,3.97,Aladdin Paperbacks,Paperback,288,1993,1993,,2016/07/04,"to-read, ghoomakad","to-read (#71), ghoomakad (#70)",to-read,,,,,,,0,,,,,
597183,David Copperfield,Charles Dickens,"Dickens, Charles","Addrienne Gavin, Hablot Knight Browne","=""185326024X""","=""9781853260247""",0,3.95,Wordsworth Editions,Paperback,750,1992,1849,,2016/07/04,"to-read, ghoomakad","to-read (#72), ghoomakad (#71)",to-read,,,,,,,0,,,,,
2006642,Lewis Percy,Anita Brookner,"Brookner, Anita",,"=""0140132155""","=""9780140132151""",0,3.70,Penguin Books Ltd,Paperback,272,1990,1989,,2016/07/04,"to-read, ghoomakad","to-read (#70), ghoomakad (#69)",to-read,,,,,,,0,,,,,
2015383,"Exit Music (Inspector Rebus, #17)",Ian Rankin,"Rankin, Ian",,"=""0752888196""","=""9780752888194""",0,4.10,Orion,Paperback,400,2007,2006,,2016/07/04,"to-read, ghoomakad","to-read (#69), ghoomakad (#68)",to-read,,,,,,,0,,,,,
25892422,Stay Hungry Stay Foolish,Rashmi Bansal,"Bansal, Rashmi",,"=""8190453017""","=""9788190453011""",0,3.60,IIM,Paperback,352,2008,2008,,2016/07/04,"to-read, ghoomakad","to-read (#68), ghoomakad (#67)",to-read,,,,,,,0,,,,,
8048907,Imagine That!,Sara Corrin,"Corrin, Sara",Stephen Corrin,"=""0140323937""","=""9780140323931""",0,3.67,Puffin,Paperback,175,1988,1986,,2016/07/04,"to-read, ghoomakad","to-read (#67), ghoomakad (#66)",to-read,,,,,,,0,,,,,
75786,Infinite Jest,David Foster Wallace,"Wallace, David Foster",Dave Eggers,"=""0316066524""","=""9780316066525""",0,4.32,Back Bay Books,Paperback,1079,2006,1996,,2016/07/04,"to-read, ghoomakad","to-read (#65), ghoomakad (#64)",to-read,,,,,,,0,,,,,
6363039,A Buddhist Response to the Climate Emergency,John       Stanley,"Stanley, John","David R. Loy, Gyurme Dorje, Dalai Lama XIV, Joseph Goldstein, Lin Jensen, Sakya Trizin, Dudjom Rinpoche, Kenchen Thrangu, Robert Aitken, Joanna Macy, Thich Nhat Hanh","=""0861716051""","=""9780861716050""",0,3.48,Wisdom Publications,Paperback,307,2009,2009,,2016/07/04,"to-read, ghoomakad","to-read (#66), ghoomakad (#65)",to-read,,,,,,,0,,,,,
8664369,The Finkler Question,Howard Jacobson,"Jacobson, Howard",,"=""1408809109""","=""9781408809105""",0,2.76,Bloomsbury Publishing PLC,Paperback,307,2011,2010,,2016/07/04,"to-read, ghoomakad","to-read (#63), ghoomakad (#62)",to-read,,,,,,,0,,,,,
7118075,The Only Game in Town: Sportswriting from The New Yorker,David Remnick,"Remnick, David",,"=""1400068029""","=""9781400068029""",0,4.06,Random House,Hardcover,512,2010,2010,,2016/07/04,"to-read, ghoomakad","to-read (#64), ghoomakad (#63)",to-read,,,,,,,0,,,,,
7647116,Let The Great World Spin,Colum McCann,"McCann, Colum",,"=""1408801183""","=""9781408801185""",0,3.92,Bloomsbury,Paperback,349,2012,2009,,2016/07/04,"to-read, ghoomakad","to-read (#62), ghoomakad (#61)",to-read,,,,,,,0,,,,,
982212,In Spite Of The Gods: The Strange Rise Of Modern India,Edward Luce,"Luce, Edward",,"=""0349118744""","=""9780349118741""",0,3.83,Not Avail,Unknown Binding,,2009,2006,,2016/07/04,"to-read, ghoomakad","to-read (#61), ghoomakad (#60)",to-read,,,,,,,0,,,,,
1456847,The Fire From Within,Carlos Castaneda,"Castaneda, Carlos",,"=""0552126845""","=""9780552126847""",0,4.12,,,,,1984,,2016/07/04,"to-read, ghoomakad","to-read (#60), ghoomakad (#59)",to-read,,,,,,,0,,,,,
820364,Puzzle Adventures 1,G. Waters,"Waters, G.",,"=""074600155X""","=""9780746001554""",0,3.83,Usborne,Paperback,144,2001,2001,,2016/07/04,"to-read, ghoomakad","to-read (#59), ghoomakad (#58)",to-read,,,,,,,0,,,,,
76680,"Foundation (Foundation, #1)",Isaac Asimov,"Asimov, Isaac",,"=""0553293354""","=""9780553293357""",0,4.10,Spectra,Paperback,296,1991,1951,,2016/07/04,"to-read, ghoomakad","to-read (#58), ghoomakad (#57)",to-read,,,,,,,0,,,,,
60741,The Summons,John Grisham,"Grisham, John",,"=""0099406136""","=""9780099406136""",0,3.67,Arrow,Paperback,384,2002,2002,,2016/07/04,"to-read, ghoomakad","to-read (#56), ghoomakad (#55)",to-read,,,,,,,0,,,,,
533601,"44 Scotland Street  (44 Scotland Street, #1)",Alexander McCall Smith,"Smith, Alexander McCall",,"=""0349118973""","=""9780349118970""",0,3.61,Abacus,Paperback,330,2005,2005,,2016/07/04,"to-read, ghoomakad","to-read (#57), ghoomakad (#56)",to-read,,,,,,,0,,,,,
14058,The Little Friend,Donna Tartt,"Tartt, Donna",,"=""0747564132""","=""9780747564133""",0,3.42,Bloomsbury,Paperback,555,2003,2002,,2016/07/04,"to-read, ghoomakad","to-read (#54), ghoomakad (#53)",to-read,,,,,,,0,,,,,
2702620,A Misalliance,Anita Brookner,"Brookner, Anita",,"=""0586070737""","=""9780586070734""",0,3.68,Grafton,Paperback,192,1987,1986,,2016/07/04,"to-read, ghoomakad","to-read (#55), ghoomakad (#54)",to-read,,,,,,,0,,,,,
500093,The Constant Gardener,John le Carré,"Carré, John le",,"=""0733614558""","=""9780733614552""",0,3.76,Coronet,Mass Market Paperback,570,2001,2000,,2016/07/04,"to-read, ghoomakad","to-read (#53), ghoomakad (#52)",to-read,,,,,,,0,,,,,
2412923,"The Shape Shifter (Navajo Mysteries, #18)",Tony Hillerman,"Hillerman, Tony",,"=""0060563478""","=""9780060563479""",0,3.97,Harper,Paperback,322,2008,2006,,2016/07/04,"to-read, ghoomakad","to-read (#52), ghoomakad (#51)",to-read,,,,,,,0,,,,,
1255840,The Past is Myself,Christabel Bielenberg,"Bielenberg, Christabel",,"=""0552990655""","=""9780552990653""",0,3.97,Corgi,Paperback,288,1984,1979,,2016/07/04,"to-read, ghoomakad","to-read (#51), ghoomakad (#50)",to-read,,,,,,,0,,,,,
894135,"The Lighthouse (Adam Dalgliesh, #13)",P.D. James,"James, P.D.",,"=""0141025107""","=""9780141025100""",0,3.78,Penguin Books Ltd,Paperback,480,2006,2005,,2016/07/04,"to-read, ghoomakad","to-read (#50), ghoomakad (#49)",to-read,,,,,,,0,,,,,
6517884,The Monsoons,P.K. Das,"Das, P.K.",,"=""8123711239""","=""9788123711232""",0,5.00,"National Book Trust, India",,252,1995,1995,,2016/07/04,"to-read, ghoomakad","to-read (#49), ghoomakad (#48)",to-read,,,,,,,0,,,,,
2748648,Granta 86: Film,Granta: The Magazine of New Writing,"Writing, Granta: The Magazine of New",Ian Jack,"=""0903141698""","=""9780903141697""",0,4.06,Granta Books (UK),Paperback,256,2004,2004,,2016/07/04,"to-read, ghoomakad","to-read (#47), ghoomakad (#46)",to-read,,,,,,,0,,,,,
1229,Life of Pi,Yann Martel,"Martel, Yann",,"=""0143028480""","=""9780143028482""",0,3.87,Penguin,Paperback,319,2002,2001,,2016/07/04,"to-read, ghoomakad","to-read (#48), ghoomakad (#47)",to-read,,,,,,,0,,,,,
43385,The Mating Season (Penguin Modern Classics),P.G. Wodehouse,"Wodehouse, P.G.",,"=""0141185449""","=""9780141185446""",0,4.26,Penguin Books,Paperback,240,2001,1949,,2016/07/04,"to-read, ghoomakad","to-read (#46), ghoomakad (#45)",to-read,,,,,,,0,,,,,
157545,Fear and Loathing in Las Vegas,Hunter S. Thompson,"Thompson, Hunter S.",,"=""000655136X""","=""9780006551362""",0,4.08,Flamingo,Paperback,204,1998,1971,,2016/07/04,"to-read, ghoomakad","to-read (#45), ghoomakad (#44)",to-read,,,,,,,0,,,,,
825672,The Great Railway Bazaar,Paul Theroux,"Theroux, Paul",,"=""0140042350""","=""9780140042351""",0,3.92,Penguin Books,Paperback,384,1977,1969,,2016/07/04,"to-read, ghoomakad","to-read (#44), ghoomakad (#43)",to-read,,,,,,,0,,,,,
2184798,Blood River: A Journey to Africa's Broken Heart,Tim Butcher,"Butcher, Tim",,"=""0099494280""","=""9780099494287""",0,4.03,Vintage,Paperback,384,2008,2007,,2016/07/04,"to-read, ghoomakad","to-read (#43), ghoomakad (#42)",to-read,,,,,,,0,,,,,
228378,Shantaram,Gregory David Roberts,"Roberts, Gregory David",,"=""0312330537""","=""9780312330538""",0,4.25,St. Martin's Griffin,Paperback,936,2005,2003,,2016/07/04,"to-read, ghoomakad","to-read (#42), ghoomakad (#41)",to-read,,,,,,,0,,,,,
4802526,Day Of Two Suns: Us Nuclear Testing And The Pacific Islanders,Jane Dibblin,"Dibblin, Jane",,"=""0860689735""","=""9780860689737""",0,0.0,,,,,,,2016/07/04,"to-read, ghoomakad","to-read (#41), ghoomakad (#40)",to-read,,,,,,,0,,,,,
1867650,The Onion Eaters,J.P. Donleavy,"Donleavy, J.P.",,"=""014003496X""","=""9780140034967""",0,3.80,Penguin,Mass Market Paperback,290,1972,1971,,2016/07/04,"to-read, ghoomakad","to-read (#40), ghoomakad (#39)",to-read,,,,,,,0,,,,,
308059,The Age of Capital: 1848-1875,Eric Hobsbawm,"Hobsbawm, Eric",,"=""0679772545""","=""9780679772545""",0,4.17,Vintage,Paperback,368,1996,1975,,2016/07/04,"to-read, ghoomakad","to-read (#39), ghoomakad (#38)",to-read,,,,,,,0,,,,,
124509,Smilla's Sense of Snow,Peter Høeg,"Høeg, Peter",Tiina Nunnally,"=""0385315147""","=""9780385315142""",0,3.72,Delta,Paperback,469,1995,1992,,2016/07/04,"to-read, ghoomakad","to-read (#38), ghoomakad (#37)",to-read,,,,,,,0,,,,,
1924433,Gift: The Story Of An Ordinary Woman's Extraordinary Power,Mia Dolan,"Dolan, Mia",,"=""000715450X""","=""9780007154500""",0,4.02,Element,Hardcover,243,2003,2003,,2016/07/04,"to-read, ghoomakad","to-read (#37), ghoomakad (#36)",to-read,,,,,,,0,,,,,
994656,The Pilgrim's Progress,John Bunyan,"Bunyan, John",,"=""0718821645""","=""9780718821647""",0,3.96,Lutterworth Press,Hardcover,,,1678,,2016/07/04,"to-read, ghoomakad","to-read (#36), ghoomakad (#35)",to-read,,,,,,,0,,,,,
13479026,The Mahabharata: Draupadi's Marriage and Other Selections,Bibek Debroy,"Debroy, Bibek",,"=""0143416022""","=""9780143416029""",0,3.33,Penguin Books India,Paperback,144,,,,2016/07/04,"to-read, ghoomakad","to-read (#35), ghoomakad (#34)",to-read,,,,,,,0,,,,,
51210,A Streetcar Named Desire and Other Plays,Tennessee Williams,"Williams, Tennessee",,"=""0141182563""","=""9780141182568""",0,4.13,Penguin Books,Paperback,313,2000,1965,,2016/07/04,"to-read, ghoomakad","to-read (#34), ghoomakad (#33)",to-read,,,,,,,0,,,,,
1317696,The Enchantress Of Florence,Salman Rushdie,"Rushdie, Salman",,"=""0224061631""","=""9780224061636""",0,3.55,,Hardcover,359,2008,2008,,2016/07/04,"to-read, ghoomakad","to-read (#32), ghoomakad (#31)",to-read,,,,,,,0,,,,,
487714,The Inspector Ghote Mysteries: an Omnibus,H.R.F. Keating,"Keating, H.R.F.",,"=""0330348566""","=""9780330348560""",0,5.00,Pan Books,Paperback,704,1996,1996,,2016/07/04,"to-read, ghoomakad","to-read (#33), ghoomakad (#32)",to-read,,,,,,,0,,,,,
8049185,The White Woman on the Green Bicycle,Monique Roffey,"Roffey, Monique",,"=""1847395228""","=""9781847395221""",0,3.43,Simon & Schuster,Paperback,440,2010,2009,,2016/07/04,"to-read, ghoomakad","to-read (#31), ghoomakad (#30)",to-read,,,,,,,0,,,,,
1298917,The Romance of King Arthur,Thomas Malory,"Malory, Thomas",Arthur Rackham,"=""1858911125""","=""9781858911120""",0,3.96,Studio Editions,,517,1994,1917,,2016/07/04,"to-read, ghoomakad","to-read (#30), ghoomakad (#29)",to-read,,,,,,,0,,,,,
199514,Hatha Yoga Pradipika,Muktibodhananda Saraswati,"Saraswati, Muktibodhananda",Svātmārāma,"=""8185787387""","=""9788185787381""",0,4.24,Bihar School of Yoga,Paperback,642,1998,1998,,2016/07/04,"to-read, ghoomakad","to-read (#29), ghoomakad (#28)",to-read,,,,,,,0,,,,,
694316,Holy Fools,Joanne Harris,"Harris, Joanne",,"=""0552151408""","=""9780552151405""",0,3.58,Black Swan,Paperback,,2004,2003,,2016/07/04,"to-read, ghoomakad","to-read (#28), ghoomakad (#27)",to-read,,,,,,,0,,,,,
437143,A Short History of Nearly Everything,Bill Bryson,"Bryson, Bill",,"=""0552997048""","=""9780552997041""",0,4.18,Black Swan,Paperback,687,2004,2003,,2016/07/04,"to-read, ghoomakad","to-read (#27), ghoomakad (#26)",to-read,,,,,,,0,,,,,
599660,The Undercover Economist,Tim Harford,"Harford, Tim",,"=""0349119856""","=""9780349119854""",0,3.78,Abacus,Paperback,278,2007,2005,,2016/07/04,"to-read, ghoomakad","to-read (#26), ghoomakad (#25)",to-read,,,,,,,0,,,,,
423092,"The Fellowship of the Ring (The Lord of the Rings, #1)",J.R.R. Tolkien,"Tolkien, J.R.R.","Christopher Tolkien, Stephen Raw","=""0618002227""","=""9780618002221""",0,4.32,Houghton Mifflin Harcourt,Paperback,407,1999,1954,,2016/07/04,"to-read, ghoomakad","to-read (#25), ghoomakad (#24)",to-read,,,,,,,0,,,,,
203444,Student Manual for the Art of Electronics,Thomas C. Hayes,"Hayes, Thomas C.",Paul Horowitz,"=""0521498473""","=""9780521498470""",0,4.27,,,,,1989,,2016/07/04,"to-read, ghoomakad","to-read (#24), ghoomakad (#23)",to-read,,,,,,,0,,,,,
15956687,The Time Keeper,Mitch Albom,"Albom, Mitch",,"=""1847442250""","=""9781847442253""",0,3.84,Sphere,Hardcover,240,2012,2012,,2016/07/04,"to-read, ghoomakad","to-read (#23), ghoomakad (#22)",to-read,,,,,,,0,,,,,
1541943,Live Flesh,Ruth Rendell,"Rendell, Ruth",,"=""0099502704""","=""9780099502708""",0,3.73,Arrow,Paperback,272,1995,1986,,2016/07/04,"to-read, ghoomakad","to-read (#22), ghoomakad (#21)",to-read,,,,,,,0,,,,,
10127019,The Lean Startup: How Today's Entrepreneurs Use Continuous Innovation to Create Radically Successful Businesses,Eric Ries,"Ries, Eric",,"=""0307887898""","=""9780307887894""",0,4.02,Crown Business,Hardcover,299,2011,2011,,2016/07/04,"to-read, ghoomakad","to-read (#20), ghoomakad (#19)",to-read,,,,,,,0,,,,,
6392829,The Peacock Throne,Sujit Saraf,"Saraf, Sujit",,"=""0340899727""","=""9780340899724""",0,3.47,Not Avail,Unknown Binding,754,2008,2007,,2016/07/04,"to-read, ghoomakad","to-read (#21), ghoomakad (#20)",to-read,,,,,,,0,,,,,
6548414,The Winner Stands Alone,Paulo Coelho,"Coelho, Paulo",,"=""""","=""9780007318681""",0,3.37,HarperCollins Publishers,Paperback,373,2009,2008,,2016/07/04,"to-read, ghoomakad","to-read (#19), ghoomakad (#18)",to-read,,,,,,,0,,,,,
25685583,Family Of The Empire,Sheelagh Kelly,"Kelly, Sheelagh",,"=""""","=""9780007879793""",0,3.00,Harper Collins,Paperback,597,2002,2001,,2016/07/04,"to-read, ghoomakad","to-read (#18), ghoomakad (#17)",to-read,,,,,,,0,,,,,
359158,Back When We Were Grownups,Anne Tyler,"Tyler, Anne",,"=""0099422549""","=""9780099422549""",0,3.50,Vintage,Paperback,288,2002,2001,,2016/07/04,"to-read, ghoomakad","to-read (#17), ghoomakad (#16)",to-read,,,,,,,0,,,,,
884296,Being Indian,Pavan K. Varma,"Varma, Pavan K.",,"=""0143033425""","=""9780143033424""",0,3.70,Penguin India,Paperback,238,2005,2004,,2016/07/04,"to-read, ghoomakad","to-read (#16), ghoomakad (#15)",to-read,,,,,,,0,,,,,
15104,Blackberry Wine,Joanne Harris,"Harris, Joanne",,"=""0552998001""","=""9780552998000""",0,3.76,Black Swan,Paperback,334,2001,1999,,2016/07/04,"to-read, ghoomakad","to-read (#15), ghoomakad (#14)",to-read,,,,,,,0,,,,,
56627,Stumbling on Happiness,Daniel Todd Gilbert,"Gilbert, Daniel Todd",,"=""1400077427""","=""9781400077427""",0,3.79,Vintage,Paperback,263,2007,2006,,2016/07/04,"ghoomakad, to-read","ghoomakad (#13), to-read (#14)",to-read,,,,,,,0,,,,,
2984235,The Art of Electronics (Second Edition),Paul Horowitz,"Horowitz, Paul",Winfield Hill,"=""0521498465""","=""9780521498463""",0,4.28,Not Avail,Paperback,1125,1989,1980,,2016/07/04,"to-read, ghoomakad","to-read (#13), ghoomakad (#12)",to-read,,,,,,,0,,,,,
3156740,Paradise Jazz,Kat Pomfret,"Pomfret, Kat",,"=""1905005083""","=""9781905005086""",0,2.60,Snowbooks,ebook,483,2005,2005,,2016/07/04,"to-read, ghoomakad","to-read (#12), ghoomakad (#11)",to-read,,,,,,,0,,,,,
13516863,Beatrice and Virgil,Yann Martel,"Martel, Yann",,"=""""","=""9780670084517""",0,3.11,Penguin Books India Pvt ltd,Hardcover,205,2010,2010,,2016/07/04,"to-read, ghoomakad","to-read (#11), ghoomakad (#10)",to-read,,,,,,,0,,,,,
1102337,The Taking of Pelham One Two Three,John Godey,"Godey, John",,"=""""","=""""",0,3.74,Dell Publishing Co.,Mass Market Paperback,350,1974,1973,,2016/07/04,"ghoomakad, to-read","ghoomakad (#9), to-read (#10)",to-read,,,,,,,0,,,,,
3359787,The Road To Chess Mastery,Max Euwe,"Euwe, Max",Walter Meiden,"=""0047940026""","=""9780047940026""",0,4.30,George Allen and Unwin,,273,1971,1971,,2016/07/04,"to-read, ghoomakad","to-read (#9), ghoomakad (#8)",to-read,,,,,,,0,,,,,
977388,The Drunken Forest,Gerald Durrell,"Durrell, Gerald",,"=""0140013148""","=""9780140013146""",0,4.15,Penguin Books,Paperback,203,1958,1956,,2016/07/04,"to-read, ghoomakad","to-read (#8), ghoomakad (#7)",to-read,,,,,,,0,,,,,
8490439,Captive Imagination: Letters from Prison,Varavararavu,"Varavararavu, Varavararavu",,"=""0670082570""","=""9780670082575""",0,3.33,Penguin Books India,Hardcover,193,,,,2016/07/04,"to-read, ghoomakad","to-read (#7), ghoomakad (#6)",to-read,,,,,,,0,,,,,
5723033,Kama Sutra (Classic India),Amrita Kumar,"Kumar, Amrita",,"=""8171671608""","=""9788171671601""",0,3.68,South Asia Books,Hardcover,64,1993,1993,,2016/07/04,"to-read, ghoomakad","to-read (#6), ghoomakad (#5)",to-read,,,,,,,0,,,,,
864429,Conversations with God Book 2: An Uncommon Dialogue,Neale Donald Walsch,"Walsch, Neale Donald",,"=""0340765445""","=""9780340765449""",0,4.09,Hodder & Stoughton,Paperback,,1999,1996,,2016/07/04,"to-read, ghoomakad","to-read (#5), ghoomakad (#4)",to-read,,,,,,,0,,,,,
132683,Time Of Desecration,Alberto Moravia,"Moravia, Alberto",,"=""0872169340""","=""9780872169340""",0,3.35,,,,,1978,,2016/07/04,"ghoomakad, to-read","ghoomakad (#3), to-read (#4)",to-read,,,,,,,0,,,,,
20655481,Valmiki Ramayana: The Book Of Wilderness,Vālmīki,"Vālmīki, Vālmīki",Arshia Sattar,"=""""","=""9780143416012""",0,4.04,Penguin Books,Paperback,150,2011,1954,,2016/07/04,"to-read, ghoomakad","to-read (#3), ghoomakad (#2)",to-read,,,,,,,0,,,,,
2663441,Illywhacker,Peter Carey,"Carey, Peter",,"=""0571139493""","=""9780571139491""",0,3.76,Faber and Faber,Paperback,600,1986,1985,,2016/07/04,"to-read, ghoomakad","to-read (#2), ghoomakad (#1)",to-read,,,,,,,0,,,,,
13477486,Never Let Me Go...,Sachin Garg,"Garg, Sachin",,"=""9381841006""","=""9789381841006""",0,3.62,Grapevine India Publishers Pvt. Ltd.,Paperback,239,2012,2012,,2016/02/23,to-read,to-read (#1),to-read,,,,,,,0,,,,,
13041934,Can Love Happen Twice?,Ravinder Singh,"Singh, Ravinder",,"=""0143417231""","=""9780143417231""",0,3.32,Metro Reads,Paperback,224,2011,2011,2016/02/14,2016/02/23,,,read,,,,,,,0,,,,,
19427193,I Too Had a Love Story,Ravinder Singh,"Singh, Ravinder",,"=""8188575704""","=""9788188575701""",0,3.65,Srishti Publishers,Paperback,212,2009,2007,2016/01/01,2016/02/14,,,read,,,,,,,0,,,,,
